"","AIC","BIC"
"Exponential",18098.0203441924,18103.7238032403
"Weibull",18051.3147171033,18062.7216351991
"Gompertz",18039.2361033456,18050.6430214413
"Gamma",18063.5208041074,18074.9277222032
"Log-logistic",18037.68090466,18049.0878227558
"Lognormal",18004.7978432323,18016.2047613281
"Generalized gamma",18000.2283017155,18017.3386788591
